{"cameraMode":{"drawMode":0,"name":"Shaded","section":"Shading Mode"},"sceneLighting":true,"audioPlay":false,"sceneViewState":{"showFog":true,"showMaterialUpdate":false,"showSkybox":true,"showFlares":true,"showImageEffects":true,"showParticleSystems":true},"in2DMode":false,"pivot":{"x":989.1195068359375,"y":-2092.543212890625,"z":-616.3653564453125},"rotation":{"x":0.7464659214019775,"y":-0.24967388808727265,"z":0.3900427222251892,"w":0.47782766819000246},"size":1366.3760986328125,"orthographic":true}