{"cameraMode":{"drawMode":0,"name":"Shaded","section":"Shading Mode"},"sceneLighting":false,"audioPlay":false,"sceneViewState":{"showFog":true,"showMaterialUpdate":false,"showSkybox":false,"showFlares":true,"showImageEffects":true,"showParticleSystems":true},"in2DMode":false,"pivot":{"x":-0.000002294778823852539,"y":-0.09093371778726578,"z":0.3749963939189911},"rotation":{"x":0.03566909208893776,"y":-0.15227258205413819,"z":0.005504178814589977,"w":0.9877067804336548},"size":2.4088120460510256,"orthographic":false}