{"cameraMode":{"drawMode":0,"name":"Shaded","section":"Shading Mode"},"sceneLighting":false,"audioPlay":false,"sceneViewState":{"showFog":true,"showMaterialUpdate":false,"showSkybox":false,"showFlares":true,"showImageEffects":true,"showParticleSystems":true},"in2DMode":false,"pivot":{"x":-0.036438919603824618,"y":1.3294763565063477,"z":-0.008286356925964356},"rotation":{"x":-0.000026631545551936142,"y":0.9999371767044067,"z":-0.012098020873963833,"w":-0.0021111902315169574},"size":0.8915953040122986,"orthographic":false}