{"cameraMode":{"drawMode":0,"name":"Shaded","section":"Shading Mode"},"sceneLighting":false,"audioPlay":false,"sceneViewState":{"showFog":true,"showMaterialUpdate":false,"showSkybox":false,"showFlares":true,"showImageEffects":true,"showParticleSystems":true},"in2DMode":false,"pivot":{"x":0.402551531791687,"y":1.4485677480697632,"z":0.2622564435005188},"rotation":{"x":0.10090713948011399,"y":-0.8631075024604797,"z":0.19074322283267976,"w":0.45660117268562319},"size":3.788745164871216,"orthographic":false}